{
    "parameters": {
        "name": {
            "type": "string"
        },
        "storageName": {
            "type": "string"
        },
        "location": {
            "type": "string"
        },
        "subscriptionId": {
            "type": "string"
        }
    },
    "resources": [
        {
            "apiVersion": "2016-03-01",
            "name": "[parameters('name')]",
            "type": "Microsoft.Web/sites",
            "properties": {
                "name": "[parameters('name')]",
                "siteConfig": {
                    "appSettings": [
                        {
                            "name": "AzureWebJobsDashboard",
                            "value": "[concat('DefaultEndpointsProtocol=https;AccountName=',parameters('storageName'),';AccountKey=',listKeys(resourceId('Microsoft.Storage/storageAccounts', parameters('storageName')), '2015-05-01-preview').key1)]"
                        },
                        {
                            "name": "AzureWebJobsStorage",
                            "value": "[concat('DefaultEndpointsProtocol=https;AccountName=',parameters('storageName'),';AccountKey=',listKeys(resourceId('Microsoft.Storage/storageAccounts', parameters('storageName')), '2015-05-01-preview').key1)]"
                        },
                        {
                            "name": "FUNCTIONS_EXTENSION_VERSION",
                            "value": "~1"
                        },
                        {
                            "name": "WEBSITE_CONTENTAZUREFILECONNECTIONSTRING",
                            "value": "[concat('DefaultEndpointsProtocol=https;AccountName=',parameters('storageName'),';AccountKey=',listKeys(resourceId('Microsoft.Storage/storageAccounts', parameters('storageName')), '2015-05-01-preview').key1)]"
                        },
                        {
                            "name": "WEBSITE_CONTENTSHARE",
                            "value": "[concat(toLower(parameters('name')), 'b8eda773a759')]"
                        },
                        {
                            "name": "WEBSITE_NODE_DEFAULT_VERSION",
                            "value": "6.5.0"
                        }
                    ]
                },
                "clientAffinityEnabled": false
            },
            "dependsOn": [
                "[resourceId('Microsoft.Storage/storageAccounts', parameters('storageName'))]"
            ],
            "location": "[parameters('location')]",
            "kind": "functionapp"
        },
        {
            "apiVersion": "2015-05-01-preview",
            "type": "Microsoft.Storage/storageAccounts",
            "name": "[parameters('storageName')]",
            "location": "[parameters('location')]",
            "properties": {
                "accountType": "Standard_LRS"
            },
            "resources": [
                {
                    "type": "Microsoft.Storage/storageAccounts/providers/locks",
                    "name": "[concat(parameters('storageName'), '/Microsoft.Authorization/', parameters('storageName'))]",
                    "apiVersion": "2015-01-01",
                    "dependsOn": [
                        "[concat('Microsoft.Storage/storageAccounts/', parameters('storageName'))]"
                    ],
                    "properties": {
                        "level": "CannotDelete",
                        "notes": "One or more function apps were linked to this storage account. You can see all the function apps linked to the account under 'files' or 'shares'."
                    }
                }
            ]
        }
    ],
    "$schema": "http://schema.management.azure.com/schemas/2014-04-01-preview/deploymentTemplate.json#",
    "contentVersion": "1.0.0.0"
}